Number of qubits,Tensorized Pauli Decomposition,Sparse Pauli Operator
1,6.985664367675781e-05,0.0013451576232910156
2,0.00016307830810546875,0.001584768295288086
3,0.0006208419799804688,0.0036101341247558594
4,0.0021820068359375,0.01197504997253418
5,0.007556915283203125,0.04664015769958496
6,0.02413797378540039,1.381939172744751
7,0.12784099578857422,7.159861087799072
8,0.4406728744506836,133.2138752937317
