Number of qubits,Tensorized Pauli Decomposition,Sparse Pauli Operator
1,6.413459777832031e-05,6.914138793945312e-05
2,0.00013399124145507812,2.8848648071289062e-05
3,0.0005388259887695312,5.602836608886719e-05
4,0.0020258426666259766,8.702278137207031e-05
5,0.008398056030273438,0.00024890899658203125
6,0.02481222152709961,0.0006990432739257812
7,0.09615111351013184,0.0023391246795654297
8,0.39264583587646484,0.009745359420776367
